{
    "points": [
        {
            "position": {
                "latitude": 52.51926834404209,
                "altitude": 14.946108041331172,
                "longitude": 13.400703631118825
            },
            "id": "0",
            "observations": [
                {
                    "projection": [
                        -0.015689,
                        -0.0625362
                    ],
                    "shot_id": "02.jpg"
                },
                {
                    "projection": [
                        -0.0624397,
                        0.0440716
                    ],
                    "shot_id": "03.jpg"
                }
            ]
        },
        {
            "id": "1",
            "observations": [
                {
                    "projection": [
                        0.049848,
                        0.144291
                    ],
                    "shot_id": "02.jpg"
                },
                {
                    "projection": [
                        0.0105317,
                        0.244958
                    ],
                    "shot_id": "01.jpg"
                }
            ]
        },
        {
            "position": {
                "latitude": 52.5192651808067,
                "altitude": 12.859175567515194,
                "longitude": 13.400764257288497
            },
            "id": "3",
            "observations": [
                {
                    "projection": [
                        0.0608681,
                        -0.00730461
                    ],
                    "shot_id": "02.jpg"
                }
            ]
        }
    ]
}
